Variable,Method,Horizon,Period,NFixed,NRecursive
UNEMP,previous_error,1,1969Q1--2025Q2,225,225
UNEMP,previous_error,1,1969Q1--2025Q2*,217,217
UNEMP,previous_error,1,1969Q1--1999Q4,123,123
UNEMP,previous_error,1,2000Q1--2025Q2,102,102
UNEMP,previous_error,1,2000Q1--2025Q2*,94,94
UNEMP,previous_error,1,2000Q1--2008Q4,36,36
UNEMP,previous_error,1,2000Q1--2019Q4,80,80
UNEMP,previous_error,1,2010Q1--2019Q4,40,40
UNEMP,previous_error,1,2022Q1--2025Q2,14,14
RGDP,previous_error,1,1969Q1--2025Q2,226,226
RGDP,previous_error,1,1969Q1--2025Q2*,218,218
RGDP,previous_error,1,1969Q1--1999Q4,123,123
RGDP,previous_error,1,2000Q1--2025Q2,103,103
RGDP,previous_error,1,2000Q1--2025Q2*,95,95
RGDP,previous_error,1,2000Q1--2008Q4,36,36
RGDP,previous_error,1,2000Q1--2019Q4,80,80
RGDP,previous_error,1,2010Q1--2019Q4,40,40
RGDP,previous_error,1,2022Q1--2025Q2,15,15
INDPROD,previous_error,1,1969Q1--2025Q2,225,225
INDPROD,previous_error,1,1969Q1--2025Q2*,217,217
INDPROD,previous_error,1,1969Q1--1999Q4,123,123
INDPROD,previous_error,1,2000Q1--2025Q2,102,102
INDPROD,previous_error,1,2000Q1--2025Q2*,94,94
INDPROD,previous_error,1,2000Q1--2008Q4,36,36
INDPROD,previous_error,1,2000Q1--2019Q4,80,80
INDPROD,previous_error,1,2010Q1--2019Q4,40,40
INDPROD,previous_error,1,2022Q1--2025Q2,14,14
CPI,previous_error,1,1981Q3--2025Q2,174,174
CPI,previous_error,1,1981Q3--2025Q2*,166,166
CPI,previous_error,1,1981Q3--1999Q4,72,72
CPI,previous_error,1,2000Q1--2025Q2,102,102
CPI,previous_error,1,2000Q1--2025Q2*,94,94
CPI,previous_error,1,2000Q1--2008Q4,36,36
CPI,previous_error,1,2000Q1--2019Q4,80,80
CPI,previous_error,1,2010Q1--2019Q4,40,40
CPI,previous_error,1,2022Q1--2025Q2,14,14
UNEMP,previous_error,2,1969Q1--2025Q2,223,223
UNEMP,previous_error,2,1969Q1--2025Q2*,215,215
UNEMP,previous_error,2,1969Q1--1999Q4,121,121
UNEMP,previous_error,2,2000Q1--2025Q2,102,102
UNEMP,previous_error,2,2000Q1--2025Q2*,94,94
UNEMP,previous_error,2,2000Q1--2008Q4,36,36
UNEMP,previous_error,2,2000Q1--2019Q4,80,80
UNEMP,previous_error,2,2010Q1--2019Q4,40,40
UNEMP,previous_error,2,2022Q1--2025Q2,14,14
RGDP,previous_error,2,1969Q1--2025Q2,224,224
RGDP,previous_error,2,1969Q1--2025Q2*,216,216
RGDP,previous_error,2,1969Q1--1999Q4,121,121
RGDP,previous_error,2,2000Q1--2025Q2,103,103
RGDP,previous_error,2,2000Q1--2025Q2*,95,95
RGDP,previous_error,2,2000Q1--2008Q4,36,36
RGDP,previous_error,2,2000Q1--2019Q4,80,80
RGDP,previous_error,2,2010Q1--2019Q4,40,40
RGDP,previous_error,2,2022Q1--2025Q2,15,15
INDPROD,previous_error,2,1969Q1--2025Q2,223,223
INDPROD,previous_error,2,1969Q1--2025Q2*,215,215
INDPROD,previous_error,2,1969Q1--1999Q4,121,121
INDPROD,previous_error,2,2000Q1--2025Q2,102,102
INDPROD,previous_error,2,2000Q1--2025Q2*,94,94
INDPROD,previous_error,2,2000Q1--2008Q4,36,36
INDPROD,previous_error,2,2000Q1--2019Q4,80,80
INDPROD,previous_error,2,2010Q1--2019Q4,40,40
INDPROD,previous_error,2,2022Q1--2025Q2,14,14
CPI,previous_error,2,1981Q3--2025Q2,172,172
CPI,previous_error,2,1981Q3--2025Q2*,164,164
CPI,previous_error,2,1981Q3--1999Q4,70,70
CPI,previous_error,2,2000Q1--2025Q2,102,102
CPI,previous_error,2,2000Q1--2025Q2*,94,94
CPI,previous_error,2,2000Q1--2008Q4,36,36
CPI,previous_error,2,2000Q1--2019Q4,80,80
CPI,previous_error,2,2010Q1--2019Q4,40,40
CPI,previous_error,2,2022Q1--2025Q2,14,14
UNEMP,previous_error,3,1969Q1--2025Q2,221,221
UNEMP,previous_error,3,1969Q1--2025Q2*,213,213
UNEMP,previous_error,3,1969Q1--1999Q4,119,119
UNEMP,previous_error,3,2000Q1--2025Q2,102,102
UNEMP,previous_error,3,2000Q1--2025Q2*,94,94
UNEMP,previous_error,3,2000Q1--2008Q4,36,36
UNEMP,previous_error,3,2000Q1--2019Q4,80,80
UNEMP,previous_error,3,2010Q1--2019Q4,40,40
UNEMP,previous_error,3,2022Q1--2025Q2,14,14
RGDP,previous_error,3,1969Q1--2025Q2,222,222
RGDP,previous_error,3,1969Q1--2025Q2*,214,214
RGDP,previous_error,3,1969Q1--1999Q4,119,119
RGDP,previous_error,3,2000Q1--2025Q2,103,103
RGDP,previous_error,3,2000Q1--2025Q2*,95,95
RGDP,previous_error,3,2000Q1--2008Q4,36,36
RGDP,previous_error,3,2000Q1--2019Q4,80,80
RGDP,previous_error,3,2010Q1--2019Q4,40,40
RGDP,previous_error,3,2022Q1--2025Q2,15,15
INDPROD,previous_error,3,1969Q1--2025Q2,221,221
INDPROD,previous_error,3,1969Q1--2025Q2*,213,213
INDPROD,previous_error,3,1969Q1--1999Q4,119,119
INDPROD,previous_error,3,2000Q1--2025Q2,102,102
INDPROD,previous_error,3,2000Q1--2025Q2*,94,94
INDPROD,previous_error,3,2000Q1--2008Q4,36,36
INDPROD,previous_error,3,2000Q1--2019Q4,80,80
INDPROD,previous_error,3,2010Q1--2019Q4,40,40
INDPROD,previous_error,3,2022Q1--2025Q2,14,14
CPI,previous_error,3,1981Q3--2025Q2,170,170
CPI,previous_error,3,1981Q3--2025Q2*,162,162
CPI,previous_error,3,1981Q3--1999Q4,68,68
CPI,previous_error,3,2000Q1--2025Q2,102,102
CPI,previous_error,3,2000Q1--2025Q2*,94,94
CPI,previous_error,3,2000Q1--2008Q4,36,36
CPI,previous_error,3,2000Q1--2019Q4,80,80
CPI,previous_error,3,2010Q1--2019Q4,40,40
CPI,previous_error,3,2022Q1--2025Q2,14,14
UNEMP,previous_error,4,1969Q1--2025Q2,213,213
UNEMP,previous_error,4,1969Q1--2025Q2*,205,205
UNEMP,previous_error,4,1969Q1--1999Q4,111,111
UNEMP,previous_error,4,2000Q1--2025Q2,102,102
UNEMP,previous_error,4,2000Q1--2025Q2*,94,94
UNEMP,previous_error,4,2000Q1--2008Q4,36,36
UNEMP,previous_error,4,2000Q1--2019Q4,80,80
UNEMP,previous_error,4,2010Q1--2019Q4,40,40
UNEMP,previous_error,4,2022Q1--2025Q2,14,14
RGDP,previous_error,4,1969Q1--2025Q2,214,214
RGDP,previous_error,4,1969Q1--2025Q2*,206,206
RGDP,previous_error,4,1969Q1--1999Q4,111,111
RGDP,previous_error,4,2000Q1--2025Q2,103,103
RGDP,previous_error,4,2000Q1--2025Q2*,95,95
RGDP,previous_error,4,2000Q1--2008Q4,36,36
RGDP,previous_error,4,2000Q1--2019Q4,80,80
RGDP,previous_error,4,2010Q1--2019Q4,40,40
RGDP,previous_error,4,2022Q1--2025Q2,15,15
INDPROD,previous_error,4,1969Q1--2025Q2,213,213
INDPROD,previous_error,4,1969Q1--2025Q2*,205,205
INDPROD,previous_error,4,1969Q1--1999Q4,111,111
INDPROD,previous_error,4,2000Q1--2025Q2,102,102
INDPROD,previous_error,4,2000Q1--2025Q2*,94,94
INDPROD,previous_error,4,2000Q1--2008Q4,36,36
INDPROD,previous_error,4,2000Q1--2019Q4,80,80
INDPROD,previous_error,4,2010Q1--2019Q4,40,40
INDPROD,previous_error,4,2022Q1--2025Q2,14,14
CPI,previous_error,4,1981Q3--2025Q2,168,168
CPI,previous_error,4,1981Q3--2025Q2*,160,160
CPI,previous_error,4,1981Q3--1999Q4,66,66
CPI,previous_error,4,2000Q1--2025Q2,102,102
CPI,previous_error,4,2000Q1--2025Q2*,94,94
CPI,previous_error,4,2000Q1--2008Q4,36,36
CPI,previous_error,4,2000Q1--2019Q4,80,80
CPI,previous_error,4,2010Q1--2019Q4,40,40
CPI,previous_error,4,2022Q1--2025Q2,14,14
UNEMP,lagged_error,1,1969Q1--2025Q2,224,224
UNEMP,lagged_error,1,1969Q1--2025Q2*,216,216
UNEMP,lagged_error,1,1969Q1--1999Q4,122,122
UNEMP,lagged_error,1,2000Q1--2025Q2,102,102
UNEMP,lagged_error,1,2000Q1--2025Q2*,94,94
UNEMP,lagged_error,1,2000Q1--2008Q4,36,36
UNEMP,lagged_error,1,2000Q1--2019Q4,80,80
UNEMP,lagged_error,1,2010Q1--2019Q4,40,40
UNEMP,lagged_error,1,2022Q1--2025Q2,14,14
RGDP,lagged_error,1,1969Q1--2025Q2,225,225
RGDP,lagged_error,1,1969Q1--2025Q2*,217,217
RGDP,lagged_error,1,1969Q1--1999Q4,122,122
RGDP,lagged_error,1,2000Q1--2025Q2,103,103
RGDP,lagged_error,1,2000Q1--2025Q2*,95,95
RGDP,lagged_error,1,2000Q1--2008Q4,36,36
RGDP,lagged_error,1,2000Q1--2019Q4,80,80
RGDP,lagged_error,1,2010Q1--2019Q4,40,40
RGDP,lagged_error,1,2022Q1--2025Q2,15,15
INDPROD,lagged_error,1,1969Q1--2025Q2,224,224
INDPROD,lagged_error,1,1969Q1--2025Q2*,216,216
INDPROD,lagged_error,1,1969Q1--1999Q4,122,122
INDPROD,lagged_error,1,2000Q1--2025Q2,102,102
INDPROD,lagged_error,1,2000Q1--2025Q2*,94,94
INDPROD,lagged_error,1,2000Q1--2008Q4,36,36
INDPROD,lagged_error,1,2000Q1--2019Q4,80,80
INDPROD,lagged_error,1,2010Q1--2019Q4,40,40
INDPROD,lagged_error,1,2022Q1--2025Q2,14,14
CPI,lagged_error,1,1981Q3--2025Q2,173,173
CPI,lagged_error,1,1981Q3--2025Q2*,165,165
CPI,lagged_error,1,1981Q3--1999Q4,71,71
CPI,lagged_error,1,2000Q1--2025Q2,102,102
CPI,lagged_error,1,2000Q1--2025Q2*,94,94
CPI,lagged_error,1,2000Q1--2008Q4,36,36
CPI,lagged_error,1,2000Q1--2019Q4,80,80
CPI,lagged_error,1,2010Q1--2019Q4,40,40
CPI,lagged_error,1,2022Q1--2025Q2,14,14
UNEMP,lagged_error,2,1969Q1--2025Q2,222,222
UNEMP,lagged_error,2,1969Q1--2025Q2*,214,214
UNEMP,lagged_error,2,1969Q1--1999Q4,120,120
UNEMP,lagged_error,2,2000Q1--2025Q2,102,102
UNEMP,lagged_error,2,2000Q1--2025Q2*,94,94
UNEMP,lagged_error,2,2000Q1--2008Q4,36,36
UNEMP,lagged_error,2,2000Q1--2019Q4,80,80
UNEMP,lagged_error,2,2010Q1--2019Q4,40,40
UNEMP,lagged_error,2,2022Q1--2025Q2,14,14
RGDP,lagged_error,2,1969Q1--2025Q2,223,223
RGDP,lagged_error,2,1969Q1--2025Q2*,215,215
RGDP,lagged_error,2,1969Q1--1999Q4,120,120
RGDP,lagged_error,2,2000Q1--2025Q2,103,103
RGDP,lagged_error,2,2000Q1--2025Q2*,95,95
RGDP,lagged_error,2,2000Q1--2008Q4,36,36
RGDP,lagged_error,2,2000Q1--2019Q4,80,80
RGDP,lagged_error,2,2010Q1--2019Q4,40,40
RGDP,lagged_error,2,2022Q1--2025Q2,15,15
INDPROD,lagged_error,2,1969Q1--2025Q2,222,222
INDPROD,lagged_error,2,1969Q1--2025Q2*,214,214
INDPROD,lagged_error,2,1969Q1--1999Q4,120,120
INDPROD,lagged_error,2,2000Q1--2025Q2,102,102
INDPROD,lagged_error,2,2000Q1--2025Q2*,94,94
INDPROD,lagged_error,2,2000Q1--2008Q4,36,36
INDPROD,lagged_error,2,2000Q1--2019Q4,80,80
INDPROD,lagged_error,2,2010Q1--2019Q4,40,40
INDPROD,lagged_error,2,2022Q1--2025Q2,14,14
CPI,lagged_error,2,1981Q3--2025Q2,171,171
CPI,lagged_error,2,1981Q3--2025Q2*,163,163
CPI,lagged_error,2,1981Q3--1999Q4,69,69
CPI,lagged_error,2,2000Q1--2025Q2,102,102
CPI,lagged_error,2,2000Q1--2025Q2*,94,94
CPI,lagged_error,2,2000Q1--2008Q4,36,36
CPI,lagged_error,2,2000Q1--2019Q4,80,80
CPI,lagged_error,2,2010Q1--2019Q4,40,40
CPI,lagged_error,2,2022Q1--2025Q2,14,14
UNEMP,lagged_error,3,1969Q1--2025Q2,220,220
UNEMP,lagged_error,3,1969Q1--2025Q2*,212,212
UNEMP,lagged_error,3,1969Q1--1999Q4,118,118
UNEMP,lagged_error,3,2000Q1--2025Q2,102,102
UNEMP,lagged_error,3,2000Q1--2025Q2*,94,94
UNEMP,lagged_error,3,2000Q1--2008Q4,36,36
UNEMP,lagged_error,3,2000Q1--2019Q4,80,80
UNEMP,lagged_error,3,2010Q1--2019Q4,40,40
UNEMP,lagged_error,3,2022Q1--2025Q2,14,14
RGDP,lagged_error,3,1969Q1--2025Q2,221,221
RGDP,lagged_error,3,1969Q1--2025Q2*,213,213
RGDP,lagged_error,3,1969Q1--1999Q4,118,118
RGDP,lagged_error,3,2000Q1--2025Q2,103,103
RGDP,lagged_error,3,2000Q1--2025Q2*,95,95
RGDP,lagged_error,3,2000Q1--2008Q4,36,36
RGDP,lagged_error,3,2000Q1--2019Q4,80,80
RGDP,lagged_error,3,2010Q1--2019Q4,40,40
RGDP,lagged_error,3,2022Q1--2025Q2,15,15
INDPROD,lagged_error,3,1969Q1--2025Q2,220,220
INDPROD,lagged_error,3,1969Q1--2025Q2*,212,212
INDPROD,lagged_error,3,1969Q1--1999Q4,118,118
INDPROD,lagged_error,3,2000Q1--2025Q2,102,102
INDPROD,lagged_error,3,2000Q1--2025Q2*,94,94
INDPROD,lagged_error,3,2000Q1--2008Q4,36,36
INDPROD,lagged_error,3,2000Q1--2019Q4,80,80
INDPROD,lagged_error,3,2010Q1--2019Q4,40,40
INDPROD,lagged_error,3,2022Q1--2025Q2,14,14
CPI,lagged_error,3,1981Q3--2025Q2,169,169
CPI,lagged_error,3,1981Q3--2025Q2*,161,161
CPI,lagged_error,3,1981Q3--1999Q4,67,67
CPI,lagged_error,3,2000Q1--2025Q2,102,102
CPI,lagged_error,3,2000Q1--2025Q2*,94,94
CPI,lagged_error,3,2000Q1--2008Q4,36,36
CPI,lagged_error,3,2000Q1--2019Q4,80,80
CPI,lagged_error,3,2010Q1--2019Q4,40,40
CPI,lagged_error,3,2022Q1--2025Q2,14,14
UNEMP,lagged_error,4,1969Q1--2025Q2,211,211
UNEMP,lagged_error,4,1969Q1--2025Q2*,203,203
UNEMP,lagged_error,4,1969Q1--1999Q4,109,109
UNEMP,lagged_error,4,2000Q1--2025Q2,102,102
UNEMP,lagged_error,4,2000Q1--2025Q2*,94,94
UNEMP,lagged_error,4,2000Q1--2008Q4,36,36
UNEMP,lagged_error,4,2000Q1--2019Q4,80,80
UNEMP,lagged_error,4,2010Q1--2019Q4,40,40
UNEMP,lagged_error,4,2022Q1--2025Q2,14,14
RGDP,lagged_error,4,1969Q1--2025Q2,212,212
RGDP,lagged_error,4,1969Q1--2025Q2*,204,204
RGDP,lagged_error,4,1969Q1--1999Q4,109,109
RGDP,lagged_error,4,2000Q1--2025Q2,103,103
RGDP,lagged_error,4,2000Q1--2025Q2*,95,95
RGDP,lagged_error,4,2000Q1--2008Q4,36,36
RGDP,lagged_error,4,2000Q1--2019Q4,80,80
RGDP,lagged_error,4,2010Q1--2019Q4,40,40
RGDP,lagged_error,4,2022Q1--2025Q2,15,15
INDPROD,lagged_error,4,1969Q1--2025Q2,211,211
INDPROD,lagged_error,4,1969Q1--2025Q2*,203,203
INDPROD,lagged_error,4,1969Q1--1999Q4,109,109
INDPROD,lagged_error,4,2000Q1--2025Q2,102,102
INDPROD,lagged_error,4,2000Q1--2025Q2*,94,94
INDPROD,lagged_error,4,2000Q1--2008Q4,36,36
INDPROD,lagged_error,4,2000Q1--2019Q4,80,80
INDPROD,lagged_error,4,2010Q1--2019Q4,40,40
INDPROD,lagged_error,4,2022Q1--2025Q2,14,14
CPI,lagged_error,4,1981Q3--2025Q2,167,167
CPI,lagged_error,4,1981Q3--2025Q2*,159,159
CPI,lagged_error,4,1981Q3--1999Q4,65,65
CPI,lagged_error,4,2000Q1--2025Q2,102,102
CPI,lagged_error,4,2000Q1--2025Q2*,94,94
CPI,lagged_error,4,2000Q1--2008Q4,36,36
CPI,lagged_error,4,2000Q1--2019Q4,80,80
CPI,lagged_error,4,2010Q1--2019Q4,40,40
CPI,lagged_error,4,2022Q1--2025Q2,14,14
UNEMP,nowcast_proxy,1,1969Q1--2025Q2,225,225
UNEMP,nowcast_proxy,1,1969Q1--2025Q2*,217,217
UNEMP,nowcast_proxy,1,1969Q1--1999Q4,123,123
UNEMP,nowcast_proxy,1,2000Q1--2025Q2,102,102
UNEMP,nowcast_proxy,1,2000Q1--2025Q2*,94,94
UNEMP,nowcast_proxy,1,2000Q1--2008Q4,36,36
UNEMP,nowcast_proxy,1,2000Q1--2019Q4,80,80
UNEMP,nowcast_proxy,1,2010Q1--2019Q4,40,40
UNEMP,nowcast_proxy,1,2022Q1--2025Q2,14,14
RGDP,nowcast_proxy,1,1969Q1--2025Q2,226,226
RGDP,nowcast_proxy,1,1969Q1--2025Q2*,218,218
RGDP,nowcast_proxy,1,1969Q1--1999Q4,123,123
RGDP,nowcast_proxy,1,2000Q1--2025Q2,103,103
RGDP,nowcast_proxy,1,2000Q1--2025Q2*,95,95
RGDP,nowcast_proxy,1,2000Q1--2008Q4,36,36
RGDP,nowcast_proxy,1,2000Q1--2019Q4,80,80
RGDP,nowcast_proxy,1,2010Q1--2019Q4,40,40
RGDP,nowcast_proxy,1,2022Q1--2025Q2,15,15
INDPROD,nowcast_proxy,1,1969Q1--2025Q2,225,225
INDPROD,nowcast_proxy,1,1969Q1--2025Q2*,217,217
INDPROD,nowcast_proxy,1,1969Q1--1999Q4,123,123
INDPROD,nowcast_proxy,1,2000Q1--2025Q2,102,102
INDPROD,nowcast_proxy,1,2000Q1--2025Q2*,94,94
INDPROD,nowcast_proxy,1,2000Q1--2008Q4,36,36
INDPROD,nowcast_proxy,1,2000Q1--2019Q4,80,80
INDPROD,nowcast_proxy,1,2010Q1--2019Q4,40,40
INDPROD,nowcast_proxy,1,2022Q1--2025Q2,14,14
CPI,nowcast_proxy,1,1981Q3--2025Q2,174,174
CPI,nowcast_proxy,1,1981Q3--2025Q2*,166,166
CPI,nowcast_proxy,1,1981Q3--1999Q4,72,72
CPI,nowcast_proxy,1,2000Q1--2025Q2,102,102
CPI,nowcast_proxy,1,2000Q1--2025Q2*,94,94
CPI,nowcast_proxy,1,2000Q1--2008Q4,36,36
CPI,nowcast_proxy,1,2000Q1--2019Q4,80,80
CPI,nowcast_proxy,1,2010Q1--2019Q4,40,40
CPI,nowcast_proxy,1,2022Q1--2025Q2,14,14
UNEMP,nowcast_proxy,2,1969Q1--2025Q2,223,223
UNEMP,nowcast_proxy,2,1969Q1--2025Q2*,215,215
UNEMP,nowcast_proxy,2,1969Q1--1999Q4,121,121
UNEMP,nowcast_proxy,2,2000Q1--2025Q2,102,102
UNEMP,nowcast_proxy,2,2000Q1--2025Q2*,94,94
UNEMP,nowcast_proxy,2,2000Q1--2008Q4,36,36
UNEMP,nowcast_proxy,2,2000Q1--2019Q4,80,80
UNEMP,nowcast_proxy,2,2010Q1--2019Q4,40,40
UNEMP,nowcast_proxy,2,2022Q1--2025Q2,14,14
RGDP,nowcast_proxy,2,1969Q1--2025Q2,224,224
RGDP,nowcast_proxy,2,1969Q1--2025Q2*,216,216
RGDP,nowcast_proxy,2,1969Q1--1999Q4,121,121
RGDP,nowcast_proxy,2,2000Q1--2025Q2,103,103
RGDP,nowcast_proxy,2,2000Q1--2025Q2*,95,95
RGDP,nowcast_proxy,2,2000Q1--2008Q4,36,36
RGDP,nowcast_proxy,2,2000Q1--2019Q4,80,80
RGDP,nowcast_proxy,2,2010Q1--2019Q4,40,40
RGDP,nowcast_proxy,2,2022Q1--2025Q2,15,15
INDPROD,nowcast_proxy,2,1969Q1--2025Q2,223,223
INDPROD,nowcast_proxy,2,1969Q1--2025Q2*,215,215
INDPROD,nowcast_proxy,2,1969Q1--1999Q4,121,121
INDPROD,nowcast_proxy,2,2000Q1--2025Q2,102,102
INDPROD,nowcast_proxy,2,2000Q1--2025Q2*,94,94
INDPROD,nowcast_proxy,2,2000Q1--2008Q4,36,36
INDPROD,nowcast_proxy,2,2000Q1--2019Q4,80,80
INDPROD,nowcast_proxy,2,2010Q1--2019Q4,40,40
INDPROD,nowcast_proxy,2,2022Q1--2025Q2,14,14
CPI,nowcast_proxy,2,1981Q3--2025Q2,172,172
CPI,nowcast_proxy,2,1981Q3--2025Q2*,164,164
CPI,nowcast_proxy,2,1981Q3--1999Q4,70,70
CPI,nowcast_proxy,2,2000Q1--2025Q2,102,102
CPI,nowcast_proxy,2,2000Q1--2025Q2*,94,94
CPI,nowcast_proxy,2,2000Q1--2008Q4,36,36
CPI,nowcast_proxy,2,2000Q1--2019Q4,80,80
CPI,nowcast_proxy,2,2010Q1--2019Q4,40,40
CPI,nowcast_proxy,2,2022Q1--2025Q2,14,14
UNEMP,nowcast_proxy,3,1969Q1--2025Q2,221,221
UNEMP,nowcast_proxy,3,1969Q1--2025Q2*,213,213
UNEMP,nowcast_proxy,3,1969Q1--1999Q4,119,119
UNEMP,nowcast_proxy,3,2000Q1--2025Q2,102,102
UNEMP,nowcast_proxy,3,2000Q1--2025Q2*,94,94
UNEMP,nowcast_proxy,3,2000Q1--2008Q4,36,36
UNEMP,nowcast_proxy,3,2000Q1--2019Q4,80,80
UNEMP,nowcast_proxy,3,2010Q1--2019Q4,40,40
UNEMP,nowcast_proxy,3,2022Q1--2025Q2,14,14
RGDP,nowcast_proxy,3,1969Q1--2025Q2,222,222
RGDP,nowcast_proxy,3,1969Q1--2025Q2*,214,214
RGDP,nowcast_proxy,3,1969Q1--1999Q4,119,119
RGDP,nowcast_proxy,3,2000Q1--2025Q2,103,103
RGDP,nowcast_proxy,3,2000Q1--2025Q2*,95,95
RGDP,nowcast_proxy,3,2000Q1--2008Q4,36,36
RGDP,nowcast_proxy,3,2000Q1--2019Q4,80,80
RGDP,nowcast_proxy,3,2010Q1--2019Q4,40,40
RGDP,nowcast_proxy,3,2022Q1--2025Q2,15,15
INDPROD,nowcast_proxy,3,1969Q1--2025Q2,221,221
INDPROD,nowcast_proxy,3,1969Q1--2025Q2*,213,213
INDPROD,nowcast_proxy,3,1969Q1--1999Q4,119,119
INDPROD,nowcast_proxy,3,2000Q1--2025Q2,102,102
INDPROD,nowcast_proxy,3,2000Q1--2025Q2*,94,94
INDPROD,nowcast_proxy,3,2000Q1--2008Q4,36,36
INDPROD,nowcast_proxy,3,2000Q1--2019Q4,80,80
INDPROD,nowcast_proxy,3,2010Q1--2019Q4,40,40
INDPROD,nowcast_proxy,3,2022Q1--2025Q2,14,14
CPI,nowcast_proxy,3,1981Q3--2025Q2,170,170
CPI,nowcast_proxy,3,1981Q3--2025Q2*,162,162
CPI,nowcast_proxy,3,1981Q3--1999Q4,68,68
CPI,nowcast_proxy,3,2000Q1--2025Q2,102,102
CPI,nowcast_proxy,3,2000Q1--2025Q2*,94,94
CPI,nowcast_proxy,3,2000Q1--2008Q4,36,36
CPI,nowcast_proxy,3,2000Q1--2019Q4,80,80
CPI,nowcast_proxy,3,2010Q1--2019Q4,40,40
CPI,nowcast_proxy,3,2022Q1--2025Q2,14,14
UNEMP,nowcast_proxy,4,1969Q1--2025Q2,213,213
UNEMP,nowcast_proxy,4,1969Q1--2025Q2*,205,205
UNEMP,nowcast_proxy,4,1969Q1--1999Q4,111,111
UNEMP,nowcast_proxy,4,2000Q1--2025Q2,102,102
UNEMP,nowcast_proxy,4,2000Q1--2025Q2*,94,94
UNEMP,nowcast_proxy,4,2000Q1--2008Q4,36,36
UNEMP,nowcast_proxy,4,2000Q1--2019Q4,80,80
UNEMP,nowcast_proxy,4,2010Q1--2019Q4,40,40
UNEMP,nowcast_proxy,4,2022Q1--2025Q2,14,14
RGDP,nowcast_proxy,4,1969Q1--2025Q2,214,214
RGDP,nowcast_proxy,4,1969Q1--2025Q2*,206,206
RGDP,nowcast_proxy,4,1969Q1--1999Q4,111,111
RGDP,nowcast_proxy,4,2000Q1--2025Q2,103,103
RGDP,nowcast_proxy,4,2000Q1--2025Q2*,95,95
RGDP,nowcast_proxy,4,2000Q1--2008Q4,36,36
RGDP,nowcast_proxy,4,2000Q1--2019Q4,80,80
RGDP,nowcast_proxy,4,2010Q1--2019Q4,40,40
RGDP,nowcast_proxy,4,2022Q1--2025Q2,15,15
INDPROD,nowcast_proxy,4,1969Q1--2025Q2,213,213
INDPROD,nowcast_proxy,4,1969Q1--2025Q2*,205,205
INDPROD,nowcast_proxy,4,1969Q1--1999Q4,111,111
INDPROD,nowcast_proxy,4,2000Q1--2025Q2,102,102
INDPROD,nowcast_proxy,4,2000Q1--2025Q2*,94,94
INDPROD,nowcast_proxy,4,2000Q1--2008Q4,36,36
INDPROD,nowcast_proxy,4,2000Q1--2019Q4,80,80
INDPROD,nowcast_proxy,4,2010Q1--2019Q4,40,40
INDPROD,nowcast_proxy,4,2022Q1--2025Q2,14,14
CPI,nowcast_proxy,4,1981Q3--2025Q2,168,168
CPI,nowcast_proxy,4,1981Q3--2025Q2*,160,160
CPI,nowcast_proxy,4,1981Q3--1999Q4,66,66
CPI,nowcast_proxy,4,2000Q1--2025Q2,102,102
CPI,nowcast_proxy,4,2000Q1--2025Q2*,94,94
CPI,nowcast_proxy,4,2000Q1--2008Q4,36,36
CPI,nowcast_proxy,4,2000Q1--2019Q4,80,80
CPI,nowcast_proxy,4,2010Q1--2019Q4,40,40
CPI,nowcast_proxy,4,2022Q1--2025Q2,14,14
